Date,GOOGL,TSLA,AAL
2018-01-02,1073.2099609375,64.10600280761719,52.9900016784668
2018-01-03,1091.52001953125,63.45000076293945,52.34000015258789
2018-01-04,1095.760009765625,62.92399978637695,52.66999816894531
2018-01-05,1110.2900390625,63.316001892089844,52.650001525878906
2018-01-08,1114.2099609375,67.28199768066406,52.130001068115234
2018-01-09,1112.7900390625,66.73799896240234,52.08000183105469
2018-01-10,1110.1400146484375,66.95999908447266,53.779998779296875
2018-01-11,1112.050048828125,67.58999633789062,56.41999816894531
2018-01-12,1130.6500244140625,67.24400329589844,58.470001220703125
2018-01-16,1130.699951171875,68.01200103759766,57.97999954223633
2018-01-17,1139.0999755859375,69.43199920654297,58.15999984741211
2018-01-18,1135.969970703125,68.91400146484375,58.34000015258789
2018-01-19,1143.5,70.00399780273438,58.060001373291016
2018-01-22,1164.1600341796875,70.31199645996094,58.099998474121094
2018-01-23,1176.1700439453125,70.55799865722656,58.290000915527344
2018-01-24,1171.2900390625,69.1780014038086,54.790000915527344
2018-01-25,1182.1400146484375,67.52799987792969,53.04999923706055
2018-01-26,1187.56005859375,68.56999969482422,53.06999969482422
2018-01-29,1186.47998046875,69.90599822998047,52.68000030517578
2018-01-30,1177.3699951171875,69.16400146484375,52.59000015258789
2018-01-31,1182.219970703125,70.86199951171875,54.31999969482422
2018-02-01,1181.5899658203125,69.8499984741211,53.880001068115234
2018-02-02,1119.199951171875,68.75,52.099998474121094
2018-02-05,1062.3900146484375,66.6259994506836,49.7599983215332
2018-02-06,1084.4300537109375,66.79399871826172,51.18000030517578
2018-02-07,1055.4100341796875,69.0,51.400001525878906
2018-02-08,1007.7100219726562,63.04600143432617,48.599998474121094
2018-02-09,1046.27001953125,62.08399963378906,48.36000061035156
2018-02-12,1054.56005859375,63.145999908447266,50.09000015258789
2018-02-13,1054.1400146484375,64.73200225830078,50.869998931884766
2018-02-14,1072.699951171875,64.46199798583984,51.06999969482422
2018-02-15,1091.3599853515625,66.81400299072266,51.66999816894531
2018-02-16,1095.5,67.0979995727539,51.58000183105469
2018-02-20,1103.5899658203125,66.9540023803711,51.720001220703125
2018-02-21,1113.75,66.66000366210938,52.779998779296875
2018-02-22,1109.9000244140625,69.23400115966797,52.97999954223633
2018-02-23,1128.0899658203125,70.41000366210938,53.38999938964844
2018-02-26,1143.699951171875,71.48400115966797,55.0
2018-02-27,1117.510009765625,70.197998046875,54.2599983215332
2018-02-28,1103.9200439453125,68.61199951171875,54.25
2018-03-01,1071.4100341796875,66.18599700927734,53.47999954223633
2018-03-02,1084.1400146484375,67.02400207519531,53.18000030517578
2018-03-05,1094.760009765625,66.66999816894531,53.189998626708984
2018-03-06,1100.9000244140625,65.63999938964844,53.56999969482422
2018-03-07,1115.0400390625,66.45999908447266,54.11000061035156
2018-03-08,1129.3800048828125,65.81999969482422,54.790000915527344
2018-03-09,1160.8399658203125,65.43399810791016,56.06999969482422
2018-03-12,1165.9300537109375,69.10199737548828,56.5
2018-03-13,1139.9100341796875,68.36799621582031,56.22999954223633
2018-03-14,1148.8900146484375,65.32599639892578,55.279998779296875
2018-03-15,1150.6099853515625,65.12000274658203,55.16999816894531
2018-03-16,1134.4200439453125,64.2699966430664,55.400001525878906
2018-03-19,1100.0699462890625,62.71200180053711,54.619998931884766
2018-03-20,1095.800048828125,62.11000061035156,55.31999969482422
2018-03-21,1094.0,63.305999755859375,54.09000015258789
2018-03-22,1053.1500244140625,61.81999969482422,52.310001373291016
2018-03-23,1026.550048828125,60.30799865722656,51.0099983215332
2018-03-26,1054.0899658203125,60.83599853515625,51.86000061035156
2018-03-27,1006.9400024414062,55.83599853515625,50.900001525878906
2018-03-28,1005.1799926757812,51.555999755859375,50.849998474121094
2018-03-29,1037.1400146484375,53.22600173950195,51.959999084472656
2018-04-02,1012.6300048828125,50.49599838256836,49.779998779296875
2018-04-03,1018.6799926757812,53.50600051879883,51.470001220703125
2018-04-04,1029.7099609375,57.38800048828125,52.040000915527344
2018-04-05,1032.6400146484375,61.14400100708008,52.13999938964844
2018-04-06,1009.9500122070312,59.86000061035156,50.290000915527344
2018-04-09,1020.0900268554688,57.93199920654297,49.81999969482422
2018-04-10,1036.5,60.939998626708984,47.459999084472656
2018-04-11,1025.06005859375,60.18600082397461,45.400001525878906
2018-04-12,1037.2900390625,58.816001892089844,46.56999969482422
2018-04-13,1036.0400390625,60.06800079345703,45.869998931884766
2018-04-16,1046.0999755859375,58.242000579833984,46.400001525878906
2018-04-17,1079.3599853515625,57.53799819946289,45.75
2018-04-18,1075.3900146484375,58.66999816894531,47.7599983215332
2018-04-19,1089.449951171875,60.01599884033203,46.880001068115234
2018-04-20,1077.3199462890625,58.04800033569336,46.779998779296875
2018-04-23,1073.81005859375,56.67399978637695,46.68000030517578
2018-04-24,1022.6400146484375,56.69200134277344,45.689998626708984
2018-04-25,1022.989990234375,56.13800048828125,45.25
2018-04-26,1043.31005859375,57.09600067138672,42.369998931884766
2018-04-27,1031.449951171875,58.816001892089844,43.400001525878906
2018-04-30,1018.5800170898438,58.779998779296875,42.93000030517578
2018-05-01,1040.75,59.98400115966797,43.36000061035156
2018-05-02,1026.050048828125,60.22999954223633,42.2400016784668
2018-05-03,1026.300048828125,56.88999938964844,42.11000061035156
2018-05-04,1051.0,58.81800079345703,42.86000061035156
2018-05-07,1059.4599609375,60.55400085449219,42.439998626708984
2018-05-08,1058.5899658203125,60.39400100708008,43.0
2018-05-09,1088.949951171875,61.369998931884766,41.5
2018-05-10,1105.469970703125,61.00400161743164,42.040000915527344
2018-05-11,1103.3800048828125,60.21200180053711,42.599998474121094
2018-05-14,1106.5999755859375,58.39400100708008,42.459999084472656
2018-05-15,1084.8699951171875,56.83599853515625,43.189998626708984
2018-05-16,1084.0899658203125,57.29600143432617,44.060001373291016
2018-05-17,1081.260009765625,56.90800094604492,43.630001068115234
2018-05-18,1069.6400146484375,55.36399841308594,43.380001068115234
2018-05-21,1084.010009765625,56.89799880981445,44.279998779296875
2018-05-22,1075.31005859375,55.00199890136719,42.880001068115234
2018-05-23,1085.9599609375,55.81399917602539,42.79999923706055
2018-05-24,1085.449951171875,55.56999969482422,43.560001373291016
2018-05-25,1084.0799560546875,55.77000045776367,44.90999984741211
2018-05-29,1068.0699462890625,56.75199890136719,43.59000015258789
2018-05-30,1077.469970703125,58.34400177001953,43.29999923706055
2018-05-31,1100.0,56.94599914550781,43.540000915527344
2018-06-01,1135.0,58.36399841308594,44.0
2018-06-04,1153.0400390625,59.347999572753906,44.86000061035156
2018-06-05,1151.02001953125,58.22600173950195,44.18000030517578
2018-06-06,1146.949951171875,63.900001525878906,44.189998626708984
2018-06-07,1134.4200439453125,63.21799850463867,43.84000015258789
2018-06-08,1132.7099609375,63.53200149536133,43.11000061035156
2018-06-11,1140.9000244140625,66.41999816894531,44.15999984741211
2018-06-12,1148.18994140625,68.55400085449219,43.40999984741211
2018-06-13,1144.22998046875,68.95600128173828,42.91999816894531
2018-06-14,1160.1099853515625,71.54399871826172,43.08000183105469
2018-06-15,1159.27001953125,71.63400268554688,42.77000045776367
2018-06-18,1183.5799560546875,74.16600036621094,42.439998626708984
2018-06-19,1178.68994140625,70.51000213623047,41.5099983215332
2018-06-20,1184.0699462890625,72.44400024414062,42.029998779296875
2018-06-21,1169.43994140625,69.50199890136719,41.4900016784668
2018-06-22,1169.2900390625,66.72599792480469,41.349998474121094
2018-06-25,1139.280029296875,66.60199737548828,39.68000030517578
2018-06-26,1132.6199951171875,68.4000015258789,39.09000015258789
2018-06-27,1116.93994140625,68.9000015258789,38.2599983215332
2018-06-28,1126.780029296875,69.98600006103516,38.20000076293945
2018-06-29,1129.18994140625,68.58999633789062,37.959999084472656
2018-07-02,1142.1099853515625,67.01399993896484,38.36000061035156
2018-07-03,1116.280029296875,62.172000885009766,37.75
2018-07-05,1141.2900390625,61.832000732421875,37.9900016784668
2018-07-06,1155.0799560546875,61.779998779296875,38.09000015258789
2018-07-09,1167.280029296875,63.70199966430664,39.310001373291016
2018-07-10,1167.1400146484375,64.49400329589844,39.119998931884766
2018-07-11,1171.4599609375,63.79199981689453,35.959999084472656
2018-07-12,1201.260009765625,63.34199905395508,36.33000183105469
2018-07-13,1204.4200439453125,63.77399826049805,37.119998931884766
2018-07-16,1196.510009765625,62.02000045776367,37.279998779296875
2018-07-17,1213.0799560546875,64.53800201416016,37.380001068115234
2018-07-18,1212.9100341796875,64.7699966430664,38.369998931884766
2018-07-19,1199.0999755859375,64.0459976196289,38.130001068115234
2018-07-20,1197.8800048828125,62.715999603271484,37.880001068115234
2018-07-23,1211.0,60.63999938964844,38.040000915527344
2018-07-24,1258.1500244140625,59.486000061035156,37.45000076293945
2018-07-25,1275.93994140625,61.74800109863281,38.189998626708984
2018-07-26,1285.5,61.33000183105469,40.02000045776367
2018-07-27,1252.8900146484375,59.43600082397461,39.689998626708984
2018-07-30,1230.0400390625,58.034000396728516,38.970001220703125
2018-07-31,1227.219970703125,59.62799835205078,39.540000915527344
2018-08-01,1232.989990234375,60.167999267578125,38.13999938964844
2018-08-02,1241.1300048828125,69.90799713134766,37.93000030517578
2018-08-03,1238.1600341796875,69.63400268554688,38.41999816894531
2018-08-06,1237.6700439453125,68.39800262451172,38.40999984741211
2018-08-07,1255.8399658203125,75.91400146484375,38.2599983215332
2018-08-08,1261.3299560546875,74.06800079345703,38.380001068115234
2018-08-09,1264.4599609375,70.48999786376953,37.91999816894531
2018-08-10,1252.510009765625,71.0979995727539,37.2599983215332
2018-08-13,1248.6400146484375,71.28199768066406,36.790000915527344
2018-08-14,1258.1400146484375,69.52799987792969,37.09000015258789
2018-08-15,1232.219970703125,67.73799896240234,37.439998626708984
2018-08-16,1224.06005859375,67.08999633789062,38.15999984741211
2018-08-17,1215.8499755859375,61.099998474121094,37.790000915527344
2018-08-20,1221.949951171875,61.6879997253418,39.9900016784668
2018-08-21,1217.4100341796875,64.37999725341797,40.33000183105469
2018-08-22,1221.75,64.3280029296875,39.189998626708984
2018-08-23,1221.1600341796875,64.0199966430664,38.83000183105469
2018-08-24,1236.75,64.56400299072266,38.81999969482422
2018-08-27,1256.27001953125,63.854000091552734,39.52000045776367
2018-08-28,1245.8599853515625,62.37200164794922,40.689998626708984
2018-08-29,1264.6500244140625,61.00199890136719,40.5
2018-08-30,1254.43994140625,60.630001068115234,40.400001525878906
2018-08-31,1231.800048828125,60.332000732421875,40.47999954223633
2018-09-04,1211.31005859375,57.790000915527344,40.77000045776367
2018-09-05,1199.0999755859375,56.14799880981445,39.66999816894531
2018-09-06,1183.989990234375,56.189998626708984,38.47999954223633
2018-09-07,1177.5899658203125,52.64799880981445,38.43000030517578
2018-09-10,1175.06005859375,57.099998474121094,39.43000030517578
2018-09-11,1189.989990234375,55.88800048828125,40.18000030517578
2018-09-12,1171.5999755859375,58.108001708984375,39.2599983215332
2018-09-13,1182.1400146484375,57.891998291015625,39.47999954223633
2018-09-14,1177.97998046875,59.040000915527344,39.7400016784668
2018-09-17,1159.8299560546875,58.96799850463867,40.31999969482422
2018-09-18,1167.1099853515625,56.992000579833984,40.790000915527344
2018-09-19,1174.27001953125,59.80400085449219,41.599998474121094
2018-09-20,1191.5699462890625,59.66600036621094,41.88999938964844
2018-09-21,1172.1199951171875,59.81999969482422,43.599998474121094
2018-09-24,1179.56005859375,59.93600082397461,41.97999954223633
2018-09-25,1193.8900146484375,60.198001861572266,40.810001373291016
2018-09-26,1194.06005859375,61.91600036621094,41.040000915527344
2018-09-27,1207.3599853515625,61.50400161743164,41.5
2018-09-28,1207.0799560546875,52.95399856567383,41.33000183105469
2018-10-01,1208.530029296875,62.13999938964844,39.61000061035156
2018-10-02,1207.6400146484375,60.20399856567383,38.5
2018-10-03,1211.530029296875,58.959999084472656,38.79999923706055
2018-10-04,1177.0699462890625,56.36600112915039,37.91999816894531
2018-10-05,1167.8299560546875,52.38999938964844,36.439998626708984
2018-10-08,1155.9200439453125,50.11199951171875,35.900001525878906
2018-10-09,1145.1700439453125,52.560001373291016,33.54999923706055
2018-10-10,1092.1600341796875,51.375999450683594,31.610000610351562
2018-10-11,1090.739990234375,50.44599914550781,31.270000457763672
2018-10-12,1120.5400390625,51.75600051879883,30.90999984741211
2018-10-15,1102.43994140625,51.917999267578125,31.780000686645508
2018-10-16,1133.0799560546875,55.31800079345703,33.279998779296875
2018-10-17,1127.5899658203125,54.35599899291992,33.56999969482422
2018-10-18,1097.9100341796875,52.78200149536133,32.060001373291016
2018-10-19,1105.1800537109375,52.0,32.040000915527344
2018-10-22,1111.3699951171875,52.189998626708984,32.15999984741211
2018-10-23,1114.9100341796875,58.827999114990234,32.380001068115234
2018-10-24,1057.1199951171875,57.70000076293945,30.34000015258789
2018-10-25,1103.5899658203125,62.97200012207031,32.369998931884766
2018-10-26,1083.75,66.18000030517578,32.459999084472656
2018-10-29,1034.72998046875,66.97000122070312,32.599998474121094
2018-10-30,1049.510009765625,65.9800033569336,34.65999984741211
2018-10-31,1090.5799560546875,67.46399688720703,35.08000183105469
2018-11-01,1085.97998046875,68.85600280761719,36.369998931884766
2018-11-02,1071.489990234375,69.28199768066406,36.33000183105469
2018-11-05,1055.72998046875,68.27999877929688,35.720001220703125
2018-11-06,1069.5699462890625,68.21199798583984,35.16999816894531
2018-11-07,1108.239990234375,69.63200378417969,36.970001220703125
2018-11-08,1094.6300048828125,70.27999877929688,36.86000061035156
2018-11-09,1077.02001953125,70.10199737548828,36.220001220703125
2018-11-12,1049.3599853515625,66.25599670410156,36.86000061035156
2018-11-13,1047.969970703125,67.74600219726562,37.779998779296875
2018-11-14,1054.5799560546875,68.80000305175781,38.11000061035156
2018-11-15,1071.050048828125,69.68800354003906,37.81999969482422
2018-11-16,1068.27001953125,70.86199951171875,36.75
2018-11-19,1027.4200439453125,70.69400024414062,35.81999969482422
2018-11-20,1030.449951171875,69.49800109863281,35.59000015258789
2018-11-21,1043.4300537109375,67.63800048828125,36.310001373291016
2018-11-23,1030.0999755859375,65.16600036621094,37.95000076293945
2018-11-26,1055.93994140625,69.19999694824219,38.099998474121094
2018-11-27,1052.280029296875,68.78399658203125,38.290000915527344
2018-11-28,1091.7900390625,69.5739974975586,38.939998626708984
2018-11-29,1094.5799560546875,68.23400115966797,38.41999816894531
2018-11-30,1109.6500244140625,70.09600067138672,40.15999984741211
2018-12-03,1116.3599853515625,71.697998046875,39.650001525878906
2018-12-04,1062.469970703125,71.94000244140625,36.689998626708984
2018-12-06,1078.0799560546875,72.61199951171875,36.939998626708984
2018-12-07,1046.5799560546875,71.59400177001953,33.56999969482422
2018-12-10,1053.1800537109375,73.02999877929688,33.84000015258789
2018-12-11,1061.6500244140625,73.35199737548828,34.099998474121094
2018-12-12,1073.72998046875,73.31999969482422,34.349998474121094
2018-12-13,1073.5400390625,75.35800170898438,32.459999084472656
2018-12-14,1051.7099609375,73.14199829101562,32.40999984741211
2018-12-17,1025.6500244140625,69.68399810791016,32.040000915527344
2018-12-18,1043.4100341796875,67.40599822998047,33.540000915527344
2018-12-19,1035.4599609375,66.59400177001953,32.41999816894531
2018-12-20,1023.5800170898438,63.07600021362305,31.889999389648438
2018-12-21,991.25,63.95399856567383,30.780000686645508
2018-12-24,984.6699829101562,59.077999114990234,29.719999313354492
2018-12-26,1047.8499755859375,65.21800231933594,32.290000915527344
2018-12-27,1052.9000244140625,63.22600173950195,32.040000915527344
2018-12-28,1046.6800537109375,66.77400207519531,31.829999923706055
2018-12-31,1044.9599609375,66.55999755859375,32.11000061035156
2019-01-02,1054.6800537109375,62.02399826049805,32.47999954223633
2019-01-03,1025.469970703125,60.071998596191406,30.059999465942383
2019-01-04,1078.0699462890625,63.53799819946289,32.040000915527344
2019-01-07,1075.9200439453125,66.99199676513672,32.95000076293945
2019-01-08,1085.3699951171875,67.06999969482422,32.41999816894531
2019-01-09,1081.6500244140625,67.70600128173828,33.41999816894531
2019-01-10,1078.8299560546875,68.99400329589844,32.040000915527344
2019-01-11,1064.469970703125,69.4520034790039,31.799999237060547
2019-01-14,1051.510009765625,66.87999725341797,31.709999084472656
2019-01-15,1086.510009765625,68.88600158691406,32.099998474121094
2019-01-16,1089.510009765625,69.20999908447266,32.84000015258789
2019-01-17,1099.1199951171875,69.46199798583984,33.58000183105469
2019-01-18,1107.300048828125,60.45199966430664,33.970001220703125
2019-01-22,1078.6300048828125,59.784000396728516,32.7400016784668
2019-01-23,1084.4100341796875,57.518001556396484,31.649999618530273
2019-01-24,1084.0,58.301998138427734,33.65999984741211
2019-01-25,1101.510009765625,59.40800094604492,34.97999954223633
2019-01-28,1079.8599853515625,59.2760009765625,36.56999969482422
2019-01-29,1070.06005859375,59.492000579833984,36.290000915527344
2019-01-30,1097.989990234375,61.75400161743164,36.34000015258789
2019-01-31,1125.8900146484375,61.40399932861328,35.77000045776367
2019-02-01,1118.6199951171875,62.44200134277344,36.11000061035156
2019-02-04,1141.4200439453125,62.577999114990234,36.779998779296875
2019-02-05,1151.8699951171875,64.2699966430664,36.93000030517578
2019-02-06,1122.8900146484375,63.444000244140625,36.7599983215332
2019-02-07,1105.9100341796875,61.50199890136719,36.16999816894531
2019-02-08,1102.3800048828125,61.15999984741211,36.0
2019-02-11,1102.1199951171875,62.56800079345703,36.59000015258789
2019-02-12,1127.5799560546875,62.36199951171875,35.75
2019-02-13,1128.6300048828125,61.63399887084961,36.209999084472656
2019-02-14,1129.199951171875,60.75400161743164,36.11000061035156
2019-02-15,1119.6300048828125,61.57600021362305,35.04999923706055
2019-02-19,1126.510009765625,61.12799835205078,35.470001220703125
2019-02-20,1120.5899658203125,60.512001037597656,35.060001373291016
2019-02-21,1104.2099609375,58.24599838256836,34.97999954223633
2019-02-22,1116.56005859375,58.94200134277344,35.4900016784668
2019-02-25,1117.3299560546875,59.75400161743164,35.900001525878906
2019-02-26,1122.010009765625,59.571998596191406,36.25
2019-02-27,1122.8900146484375,62.948001861572266,35.689998626708984
2019-02-28,1126.550048828125,63.97600173950195,35.630001068115234
2019-03-01,1148.52001953125,58.95800018310547,34.63999938964844
2019-03-04,1153.4200439453125,57.071998596191406,33.720001220703125
2019-03-05,1169.18994140625,55.30799865722656,33.22999954223633
2019-03-06,1164.93994140625,55.24800109863281,32.7599983215332
2019-03-07,1150.8499755859375,55.31800079345703,32.220001220703125
2019-03-08,1149.969970703125,56.827999114990234,31.90999984741211
2019-03-11,1179.260009765625,58.183998107910156,32.04999923706055
2019-03-12,1197.25,56.672000885009766,30.920000076293945
2019-03-13,1199.06005859375,57.79199981689453,31.84000015258789
2019-03-14,1192.530029296875,57.992000579833984,32.130001068115234
2019-03-15,1190.300048828125,55.08599853515625,31.43000030517578
2019-03-18,1188.550048828125,53.89799880981445,31.3799991607666
2019-03-19,1202.4599609375,53.49399948120117,31.59000015258789
2019-03-20,1226.4300537109375,54.720001220703125,30.959999084472656
2019-03-21,1236.1300048828125,54.80400085449219,31.450000762939453
2019-03-22,1207.6500244140625,52.90599822998047,30.56999969482422
2019-03-25,1197.3800048828125,52.08399963378906,30.209999084472656
2019-03-26,1189.8399658203125,53.55400085449219,30.209999084472656
2019-03-27,1178.010009765625,54.965999603271484,30.940000534057617
2019-03-28,1172.27001953125,55.7239990234375,30.899999618530273
2019-03-29,1176.8900146484375,55.97200012207031,31.760000228881836
2019-04-01,1198.97998046875,57.83599853515625,32.349998474121094
2019-04-02,1205.5400390625,57.17599868774414,32.9900016784668
2019-04-03,1210.81005859375,58.36199951171875,33.709999084472656
2019-04-04,1219.449951171875,53.555999755859375,33.93000030517578
2019-04-05,1211.449951171875,54.992000579833984,34.060001373291016
2019-04-08,1208.280029296875,54.63999938964844,33.880001068115234
2019-04-09,1202.68994140625,54.46200180053711,33.310001373291016
2019-04-10,1206.449951171875,55.21200180053711,34.02000045776367
2019-04-11,1209.5899658203125,53.683998107910156,34.810001373291016
2019-04-12,1222.72998046875,53.540000915527344,34.689998626708984
2019-04-15,1226.530029296875,53.2760009765625,33.75
2019-04-16,1231.9100341796875,54.672000885009766,34.029998779296875
2019-04-17,1240.1400146484375,54.24599838256836,34.380001068115234
2019-04-18,1241.469970703125,54.652000427246094,34.369998931884766
2019-04-22,1253.760009765625,52.54999923706055,33.47999954223633
2019-04-23,1270.5899658203125,52.779998779296875,33.970001220703125
2019-04-24,1260.050048828125,51.731998443603516,33.9900016784668
2019-04-25,1267.3399658203125,49.5260009765625,33.40999984741211
2019-04-26,1277.4200439453125,47.02799987792969,33.060001373291016
2019-04-29,1296.199951171875,48.29399871826172,33.77000045776367
2019-04-30,1198.9599609375,47.737998962402344,34.18000030517578
2019-05-01,1173.3199462890625,46.801998138427734,33.90999984741211
2019-05-02,1166.510009765625,48.81999969482422,33.95000076293945
2019-05-03,1189.550048828125,51.00600051879883,34.790000915527344
2019-05-06,1193.4599609375,51.06800079345703,34.75
2019-05-07,1178.8599853515625,49.4119987487793,33.90999984741211
2019-05-08,1170.780029296875,48.96799850463867,33.75
2019-05-09,1167.969970703125,48.395999908447266,33.95000076293945
2019-05-10,1167.6400146484375,47.90399932861328,33.9900016784668
2019-05-13,1136.5899658203125,45.402000427246094,32.13999938964844
2019-05-14,1124.8599853515625,46.46200180053711,32.34000015258789
2019-05-15,1170.800048828125,46.38999938964844,32.15999984741211
2019-05-16,1184.5,45.66600036621094,32.31999969482422
2019-05-17,1168.780029296875,42.20600128173828,31.739999771118164
2019-05-20,1144.6600341796875,41.071998596191406,30.959999084472656
2019-05-21,1154.43994140625,41.01599884033203,31.299999237060547
2019-05-22,1155.8499755859375,38.54600143432617,29.920000076293945
2019-05-23,1145.3399658203125,39.097999572753906,29.5
2019-05-24,1138.6099853515625,38.125999450683594,29.170000076293945
2019-05-28,1139.56005859375,37.7400016784668,28.729999542236328
2019-05-29,1119.93994140625,37.97200012207031,28.40999984741211
2019-05-30,1121.4100341796875,37.64400100708008,28.170000076293945
2019-05-31,1106.5,37.03200149536133,27.229999542236328
2019-06-03,1038.739990234375,35.79399871826172,27.200000762939453
2019-06-04,1054.489990234375,38.720001220703125,29.1200008392334
2019-06-05,1044.6400146484375,39.31800079345703,30.360000610351562
2019-06-06,1047.760009765625,41.189998626708984,30.3799991607666
2019-06-07,1068.3699951171875,40.900001525878906,30.920000076293945
2019-06-10,1082.760009765625,42.57600021362305,30.760000228881836
2019-06-11,1081.0400390625,43.41999816894531,30.579999923706055
2019-06-12,1079.0999755859375,41.85200119018555,31.100000381469727
2019-06-13,1091.010009765625,42.78200149536133,33.09000015258789
2019-06-14,1086.300048828125,42.98400115966797,32.68000030517578
2019-06-17,1093.8900146484375,45.00600051879883,32.560001373291016
2019-06-18,1105.239990234375,44.948001861572266,32.52000045776367
2019-06-19,1104.510009765625,45.2859992980957,33.209999084472656
2019-06-20,1113.199951171875,43.92399978637695,32.150001525878906
2019-06-21,1125.3699951171875,44.37200164794922,31.56999969482422
2019-06-24,1116.699951171875,44.72800064086914,31.81999969482422
2019-06-25,1087.5799560546875,43.95199966430664,31.260000228881836
2019-06-26,1080.3199462890625,43.854000091552734,31.459999084472656
2019-06-27,1076.6300048828125,44.56800079345703,32.150001525878906
2019-06-28,1082.800048828125,44.69200134277344,32.61000061035156
2019-07-01,1100.0,45.433998107910156,32.880001068115234
2019-07-02,1112.5999755859375,44.90999984741211,32.189998626708984
2019-07-03,1122.989990234375,46.97999954223633,32.720001220703125
2019-07-05,1132.6700439453125,46.619998931884766,32.459999084472656
2019-07-08,1116.7900390625,46.06800079345703,32.790000915527344
2019-07-09,1124.2900390625,46.012001037597656,32.36000061035156
2019-07-10,1140.9100341796875,47.784000396728516,32.939998626708984
2019-07-11,1144.0799560546875,47.720001220703125,33.029998779296875
2019-07-12,1145.3399658203125,49.01599884033203,33.779998779296875
2019-07-15,1150.510009765625,50.70000076293945,33.61000061035156
2019-07-16,1153.4599609375,50.47600173950195,34.220001220703125
2019-07-17,1146.739990234375,50.97200012207031,33.2599983215332
2019-07-18,1147.239990234375,50.70800018310547,33.7400016784668
2019-07-19,1131.550048828125,51.63600158691406,33.08000183105469
2019-07-22,1139.2099609375,51.13600158691406,32.900001525878906
2019-07-23,1148.050048828125,52.034000396728516,33.72999954223633
2019-07-24,1139.72998046875,52.97600173950195,34.59000015258789
2019-07-25,1135.93994140625,45.763999938964844,31.670000076293945
2019-07-26,1245.219970703125,45.608001708984375,31.239999771118164
2019-07-29,1241.8399658203125,47.15399932861328,30.739999771118164
2019-07-30,1228.0,48.45199966430664,30.709999084472656
2019-07-31,1218.199951171875,48.321998596191406,30.510000228881836
2019-08-01,1211.780029296875,46.77000045776367,29.84000015258789
2019-08-02,1196.3199462890625,46.86800003051758,29.450000762939453
2019-08-05,1154.75,45.66400146484375,28.530000686645508
2019-08-06,1171.0799560546875,46.150001525878906,28.360000610351562
2019-08-07,1175.9100341796875,46.683998107910156,28.6299991607666
2019-08-08,1206.18994140625,47.65999984741211,29.079999923706055
2019-08-09,1188.9000244140625,47.00199890136719,28.780000686645508
2019-08-12,1174.5,45.801998138427734,27.639999389648438
2019-08-13,1196.72998046875,47.0,27.510000228881836
2019-08-14,1164.25,43.92399978637695,26.100000381469727
2019-08-15,1169.3199462890625,43.12799835205078,25.40999984741211
2019-08-16,1179.2099609375,43.987998962402344,25.790000915527344
2019-08-19,1200.43994140625,45.36600112915039,26.100000381469727
2019-08-20,1183.530029296875,45.172000885009766,25.829999923706055
2019-08-21,1191.5799560546875,44.16600036621094,26.420000076293945
2019-08-22,1191.52001953125,44.43000030517578,26.530000686645508
2019-08-23,1153.5799560546875,42.279998779296875,25.420000076293945
2019-08-26,1171.1800537109375,43.0,25.190000534057617
2019-08-27,1170.8199462890625,42.816001892089844,24.450000762939453
2019-08-28,1173.75,43.11800003051758,25.329999923706055
2019-08-29,1194.239990234375,44.34199905395508,26.31999969482422
2019-08-30,1190.530029296875,45.12200164794922,26.309999465942383
2019-09-03,1169.550048828125,45.00199890136719,26.510000228881836
2019-09-04,1182.27001953125,44.13600158691406,27.0
2019-09-05,1212.18994140625,45.91600036621094,27.690000534057617
2019-09-06,1206.3199462890625,45.4900016784668,27.790000915527344
2019-09-09,1205.27001953125,46.358001708984375,28.440000534057617
2019-09-10,1205.699951171875,47.108001708984375,29.1200008392334
2019-09-11,1220.0,49.41999816894531,29.760000228881836
2019-09-12,1234.969970703125,49.17399978637695,29.940000534057617
2019-09-13,1240.030029296875,49.040000915527344,29.950000762939453
2019-09-16,1231.6300048828125,48.5620002746582,27.770000457763672
2019-09-17,1229.8800048828125,48.95800018310547,28.639999389648438
2019-09-18,1232.6500244140625,48.698001861572266,28.600000381469727
2019-09-19,1238.75,49.31999969482422,28.299999237060547
2019-09-20,1229.8399658203125,48.124000549316406,27.989999771118164
2019-09-23,1234.68994140625,48.24599838256836,27.5
2019-09-24,1218.3299560546875,44.641998291015625,27.0
2019-09-25,1245.93994140625,45.7400016784668,27.440000534057617
2019-09-26,1242.2900390625,48.512001037597656,27.190000534057617
2019-09-27,1225.949951171875,48.42599868774414,27.010000228881836
2019-09-30,1221.1400146484375,48.17399978637695,26.969999313354492
2019-10-01,1206.0,48.9379997253418,26.799999237060547
2019-10-02,1177.9200439453125,48.625999450683594,25.3700008392334
2019-10-03,1189.4300537109375,46.60599899291992,25.270000457763672
2019-10-04,1210.9599609375,46.2859992980957,25.829999923706055
2019-10-07,1208.25,47.54399871826172,25.829999923706055
2019-10-08,1190.1300048828125,48.0099983215332,26.260000228881836
2019-10-09,1202.4000244140625,48.90599822998047,27.06999969482422
2019-10-10,1209.469970703125,48.948001861572266,27.18000030517578
2019-10-11,1215.7099609375,49.577999114990234,27.360000610351562
2019-10-14,1217.77001953125,51.391998291015625,27.6200008392334
2019-10-15,1242.239990234375,51.577999114990234,28.270000457763672
2019-10-16,1243.0,51.95000076293945,28.049999237060547
2019-10-17,1252.800048828125,52.39400100708008,27.93000030517578
2019-10-18,1244.4100341796875,51.38999938964844,28.219999313354492
2019-10-21,1244.280029296875,50.70000076293945,28.6200008392334
2019-10-22,1241.199951171875,51.11600112915039,28.260000228881836
2019-10-23,1257.6300048828125,50.93600082397461,28.290000915527344
2019-10-24,1259.1099853515625,59.93600082397461,29.40999984741211
2019-10-25,1264.300048828125,65.6259994506836,30.860000610351562
2019-10-28,1288.97998046875,65.54199981689453,31.360000610351562
2019-10-29,1260.6600341796875,63.24399948120117,30.920000076293945
2019-10-30,1260.699951171875,63.00199890136719,30.290000915527344
2019-10-31,1258.800048828125,62.98400115966797,30.059999465942383
2019-11-01,1272.25,62.6619987487793,30.559999465942383
2019-11-04,1289.6099853515625,63.49399948120117,30.950000762939453
2019-11-05,1291.43994140625,63.444000244140625,31.18000030517578
2019-11-06,1291.010009765625,65.31600189208984,30.959999084472656
2019-11-07,1306.93994140625,67.10800170898438,30.889999389648438
2019-11-08,1309.0,67.4280014038086,30.760000228881836
2019-11-11,1298.280029296875,69.01799774169922,30.59000015258789
2019-11-12,1297.2099609375,69.98600006103516,29.520000457763672
2019-11-13,1296.1800537109375,69.22200012207031,28.65999984741211
2019-11-14,1309.1500244140625,69.87000274658203,28.770000457763672
2019-11-15,1333.5400390625,70.43399810791016,28.860000610351562
2019-11-18,1319.8399658203125,69.99800109863281,28.600000381469727
2019-11-19,1312.5899658203125,71.90399932861328,29.290000915527344
2019-11-20,1301.8599853515625,70.44400024414062,28.229999542236328
2019-11-21,1300.1400146484375,70.96600341796875,27.93000030517578
2019-11-22,1293.6700439453125,66.60800170898438,28.68000030517578
2019-11-25,1305.6400146484375,67.26799774169922,28.989999771118164
2019-11-26,1313.0,65.78399658203125,29.049999237060547
2019-11-27,1312.1300048828125,66.25800323486328,28.950000762939453
2019-11-29,1304.0899658203125,65.98799896240234,28.739999771118164
2019-12-02,1288.8599853515625,66.9739990234375,28.079999923706055
2019-12-03,1294.739990234375,67.23999786376953,27.290000915527344
2019-12-04,1318.93994140625,66.60600280761719,27.3799991607666
2019-12-05,1326.9599609375,66.0739974975586,27.239999771118164
2019-12-06,1339.3900146484375,67.1780014038086,27.729999542236328
2019-12-09,1342.989990234375,67.90599822998047,27.489999771118164
2019-12-10,1342.8900146484375,69.76799774169922,27.0
2019-12-11,1344.25,70.54000091552734,26.860000610351562
2019-12-12,1348.489990234375,71.93599700927734,27.719999313354492
2019-12-13,1346.8699951171875,71.6780014038086,27.479999542236328
2019-12-16,1360.699951171875,76.30000305175781,27.920000076293945
2019-12-17,1354.8900146484375,75.7979965209961,28.280000686645508
2019-12-18,1351.9100341796875,78.62999725341797,28.0
2019-12-19,1356.43994140625,80.80799865722656,28.549999237060547
2019-12-20,1351.219970703125,81.11799621582031,29.040000915527344
2019-12-23,1350.6300048828125,83.84400177001953,29.299999237060547
2019-12-24,1344.4300537109375,85.05000305175781,29.18000030517578
2019-12-26,1362.469970703125,86.18800354003906,29.670000076293945
2019-12-27,1354.6400146484375,86.07599639892578,28.440000534057617
2019-12-30,1339.7099609375,82.94000244140625,28.299999237060547
2019-12-31,1339.3900146484375,83.66600036621094,28.68000030517578
2020-01-02,1368.6800537109375,86.052001953125,29.09000015258789
2020-01-03,1361.52001953125,88.60199737548828,27.649999618530273
2020-01-06,1397.81005859375,90.30799865722656,27.31999969482422
2020-01-07,1395.1099853515625,93.81199645996094,27.219999313354492
2020-01-08,1405.0400390625,98.4280014038086,27.84000015258789
2020-01-09,1419.7900390625,96.26799774169922,27.950000762939453
2020-01-10,1428.9599609375,95.62999725341797,27.31999969482422
2020-01-13,1440.030029296875,104.97200012207031,27.389999389648438
2020-01-14,1430.5899658203125,107.58399963378906,27.530000686645508
2020-01-15,1439.199951171875,103.69999694824219,27.579999923706055
2020-01-16,1450.1600341796875,102.697998046875,28.229999542236328
2020-01-17,1479.52001953125,102.0999984741211,28.399999618530273
2020-01-21,1482.25,109.44000244140625,27.200000762939453
2020-01-22,1483.8699951171875,113.91200256347656,27.31999969482422
2020-01-23,1484.68994140625,114.44000244140625,28.799999237060547
2020-01-24,1466.1700439453125,112.96399688720703,27.639999389648438
2020-01-27,1431.72998046875,111.60399627685547,26.110000610351562
2020-01-28,1450.5,113.37999725341797,26.899999618530273
2020-01-29,1456.699951171875,116.197998046875,26.799999237060547
2020-01-30,1454.25,128.16200256347656,27.719999313354492
2020-01-31,1432.780029296875,130.11399841308594,26.84000015258789
2020-02-03,1482.5999755859375,156.0,27.15999984741211
2020-02-04,1445.4100341796875,177.41200256347656,28.43000030517578
2020-02-05,1446.050048828125,146.94000244140625,29.100000381469727
2020-02-06,1475.969970703125,149.79200744628906,28.299999237060547
2020-02-07,1479.1099853515625,149.61399841308594,28.3799991607666
2020-02-10,1508.6600341796875,154.25599670410156,28.790000915527344
2020-02-11,1510.06005859375,154.87600708007812,29.84000015258789
2020-02-12,1518.6300048828125,153.45799255371094,30.469999313354492
2020-02-13,1513.3900146484375,160.8000030517578,30.09000015258789
2020-02-14,1518.72998046875,160.00599670410156,29.200000762939453
2020-02-18,1519.43994140625,171.67999267578125,28.6299991607666
2020-02-19,1524.8699951171875,183.48399353027344,28.329999923706055
2020-02-20,1516.989990234375,179.8820037841797,28.510000228881836
2020-02-21,1483.4599609375,180.1999969482422,27.81999969482422
2020-02-24,1419.8599853515625,166.75799560546875,25.450000762939453
2020-02-25,1386.3199462890625,159.98199462890625,23.1200008392334
2020-02-26,1390.469970703125,155.75999450683594,22.309999465942383
2020-02-27,1314.949951171875,135.8000030517578,20.600000381469727
2020-02-28,1339.25,133.59800720214844,19.049999237060547
2020-03-02,1386.3199462890625,148.7239990234375,18.860000610351562
2020-03-03,1337.719970703125,149.1020050048828,17.850000381469727
2020-03-04,1381.5999755859375,149.89999389648438,18.530000686645508
2020-03-05,1314.760009765625,144.9080047607422,16.040000915527344
2020-03-06,1295.739990234375,140.6959991455078,15.970000267028809
2020-03-09,1215.7900390625,121.5999984741211,14.75
2020-03-10,1275.1700439453125,129.0659942626953,17.0
2020-03-11,1210.9000244140625,126.84600067138672,16.260000228881836
2020-03-12,1111.550048828125,112.11000061035156,13.449999809265137
2020-03-13,1214.27001953125,109.3239974975586,14.3100004196167
2020-03-16,1073.0,89.01399993896484,15.920000076293945
2020-03-17,1118.06005859375,86.04000091552734,15.579999923706055
2020-03-18,1091.18994140625,72.24400329589844,11.649999618530273
2020-03-19,1111.6700439453125,85.52799987792969,10.289999961853027
2020-03-20,1068.2099609375,85.50599670410156,10.380000114440918
2020-03-23,1054.1300048828125,86.85800170898438,10.25
2020-03-24,1130.010009765625,101.0,13.920000076293945
2020-03-25,1101.6199951171875,107.8499984741211,15.390000343322754
2020-03-26,1162.9200439453125,105.63200378417969,15.65999984741211
2020-03-27,1110.260009765625,102.87200164794922,14.039999961853027
2020-03-30,1146.31005859375,100.4260025024414,12.25
2020-03-31,1161.949951171875,104.80000305175781,12.1899995803833
2020-04-01,1102.0999755859375,96.31199645996094,10.6899995803833
2020-04-02,1117.030029296875,90.89399719238281,10.0600004196167
2020-04-03,1092.699951171875,96.00199890136719,9.390000343322754
2020-04-06,1183.18994140625,103.24800109863281,9.5
2020-04-07,1182.56005859375,109.08999633789062,10.220000267028809
2020-04-08,1207.0,109.76799774169922,11.329999923706055
2020-04-09,1206.5699462890625,114.5999984741211,12.510000228881836
2020-04-13,1210.4100341796875,130.19000244140625,11.5600004196167
2020-04-14,1265.22998046875,141.97799682617188,11.949999809265137
2020-04-15,1257.300048828125,145.96600341796875,12.289999961853027
2020-04-16,1257.4300537109375,149.04200744628906,11.069999694824219
2020-04-17,1279.0,150.7779998779297,11.569999694824219
2020-04-20,1261.1500244140625,149.27200317382812,11.0600004196167
2020-04-21,1212.1600341796875,137.343994140625,11.0
2020-04-22,1258.4100341796875,146.4219970703125,10.270000457763672
2020-04-23,1271.1700439453125,141.12600708007812,10.25
2020-04-24,1276.5999755859375,145.02999877929688,10.3100004196167
2020-04-27,1270.8599853515625,159.75,10.020000457763672
2020-04-28,1232.5899658203125,153.82400512695312,11.260000228881836
2020-04-29,1342.1800537109375,160.1020050048828,12.630000114440918
2020-04-30,1346.699951171875,156.37600708007812,12.010000228881836
2020-05-01,1317.3199462890625,140.26400756835938,10.640000343322754
2020-05-04,1322.9000244140625,152.23800659179688,9.819999694824219
2020-05-05,1349.02001953125,153.64199829101562,9.510000228881836
2020-05-06,1345.4300537109375,156.51600646972656,9.25
2020-05-07,1369.280029296875,156.00799560546875,9.539999961853027
2020-05-08,1384.3399658203125,163.88400268554688,10.140000343322754
2020-05-11,1403.5899658203125,162.25799560546875,10.100000381469727
2020-05-12,1375.1800537109375,161.8820037841797,9.649999618530273
2020-05-13,1348.3299560546875,158.19200134277344,9.109999656677246
2020-05-14,1356.8599853515625,160.66600036621094,9.149999618530273
2020-05-15,1373.06005859375,159.83399963378906,9.039999961853027
2020-05-18,1385.1800537109375,162.7259979248047,9.869999885559082
2020-05-19,1374.4000244140625,161.6020050048828,9.640000343322754
2020-05-20,1409.1600341796875,163.11199951171875,9.869999885559082
2020-05-21,1406.75,165.52000427246094,9.890000343322754
2020-05-22,1413.239990234375,163.37600708007812,9.699999809265137
2020-05-26,1421.3699951171875,163.7740020751953,11.140000343322754
2020-05-27,1420.280029296875,164.04600524902344,11.979999542236328
2020-05-28,1418.239990234375,161.16200256347656,10.979999542236328
2020-05-29,1433.52001953125,167.0,10.5
2020-06-01,1434.8699951171875,179.6199951171875,11.109999656677246
2020-06-02,1442.31005859375,176.31199645996094,11.220000267028809
2020-06-03,1439.25,176.5919952392578,11.850000381469727
2020-06-04,1414.300048828125,172.87600708007812,16.719999313354492
2020-06-05,1440.02001953125,177.1320037841797,18.59000015258789
2020-06-08,1448.0400390625,189.98399353027344,20.309999465942383
2020-06-09,1452.0799560546875,188.13400268554688,18.549999237060547
2020-06-10,1464.699951171875,205.00999450683594,17.020000457763672
2020-06-11,1401.9000244140625,194.5679931640625,14.380000114440918
2020-06-12,1412.9200439453125,187.05599975585938,16.739999771118164
2020-06-15,1420.739990234375,198.17999267578125,16.700000762939453
2020-06-16,1446.469970703125,196.42599487304688,17.030000686645508
2020-06-17,1452.5400390625,198.35800170898438,16.979999542236328
2020-06-18,1434.1199951171875,200.79200744628906,16.489999771118164
2020-06-19,1424.6400146484375,200.17999267578125,16.0
2020-06-22,1450.6600341796875,198.86399841308594,14.920000076293945
2020-06-23,1463.97998046875,200.3560028076172,14.0
2020-06-24,1432.699951171875,192.1699981689453,13.039999961853027
2020-06-25,1441.0999755859375,197.1959991455078,13.170000076293945
2020-06-26,1362.5400390625,191.947998046875,12.380000114440918
2020-06-29,1397.1700439453125,201.8699951171875,13.319999694824219
2020-06-30,1418.050048828125,215.96200561523438,13.069999694824219
2020-07-01,1442.0,223.92599487304688,12.8100004196167
2020-07-02,1469.9300537109375,241.73199462890625,12.5
2020-07-06,1499.6500244140625,274.3160095214844,12.800000190734863
2020-07-07,1489.9200439453125,277.97198486328125,11.90999984741211
2020-07-08,1503.5999755859375,273.1759948730469,11.989999771118164
2020-07-09,1518.6600341796875,278.8559875488281,11.180000305175781
2020-07-10,1539.010009765625,308.92999267578125,11.9399995803833
2020-07-13,1512.22998046875,299.4119873046875,11.630000114440918
2020-07-14,1520.8599853515625,303.3599853515625,11.569999694824219
2020-07-15,1516.8800048828125,309.2019958496094,13.4399995803833
2020-07-16,1514.9200439453125,300.12799072265625,12.449999809265137
2020-07-17,1516.8499755859375,300.1679992675781,11.90999984741211
2020-07-20,1563.8399658203125,328.6000061035156,11.470000267028809
2020-07-21,1555.9200439453125,313.6719970703125,11.470000267028809
2020-07-22,1564.8499755859375,318.46600341796875,11.359999656677246
2020-07-23,1516.75,302.614013671875,11.770000457763672
2020-07-24,1508.2099609375,283.3999938964844,11.390000343322754
2020-07-27,1529.4300537109375,307.9200134277344,11.390000343322754
2020-07-28,1503.6500244140625,295.2980041503906,11.770000457763672
2020-07-29,1523.510009765625,299.8219909667969,11.399999618530273
2020-07-30,1538.3699951171875,297.49798583984375,11.180000305175781
2020-07-31,1487.949951171875,286.1520080566406,11.119999885559082
2020-08-03,1482.760009765625,297.0,11.079999923706055
2020-08-04,1473.300048828125,297.3999938964844,11.470000267028809
2020-08-05,1479.0899658203125,297.0039978027344,12.5600004196167
2020-08-06,1504.949951171875,297.9159851074219,13.039999961853027
2020-08-07,1498.3699951171875,290.5419921875,13.029999732971191
2020-08-10,1496.8199462890625,283.7139892578125,14.0
2020-08-11,1480.5400390625,274.87799072265625,13.729999542236328
2020-08-12,1507.239990234375,310.9519958496094,13.539999961853027
2020-08-13,1516.6500244140625,324.20001220703125,13.300000190734863
2020-08-14,1504.6300048828125,330.1419982910156,13.329999923706055
2020-08-17,1516.239990234375,367.12799072265625,12.619999885559082
2020-08-18,1555.780029296875,377.4179992675781,12.600000381469727
2020-08-19,1544.6099853515625,375.70599365234375,12.680000305175781
2020-08-20,1576.25,400.3659973144531,12.5
2020-08-21,1575.5699462890625,409.9960021972656,12.15999984741211
2020-08-24,1585.1500244140625,402.8399963378906,13.4399995803833
2020-08-25,1605.8499755859375,404.6679992675781,13.140000343322754
2020-08-26,1644.1300048828125,430.6340026855469,12.789999961853027
2020-08-27,1628.52001953125,447.75,13.279999732971191
2020-08-28,1639.4300537109375,442.67999267578125,13.59000015258789
2020-08-31,1629.530029296875,498.32000732421875,13.050000190734863
2020-09-01,1655.0799560546875,475.04998779296875,13.100000381469727
2020-09-02,1717.3900146484375,447.3699951171875,13.229999542236328
2020-09-03,1629.510009765625,407.0,13.359999656677246
2020-09-04,1581.2099609375,418.32000732421875,13.609999656677246
2020-09-08,1523.5999755859375,330.2099914550781,13.630000114440918
2020-09-09,1547.22998046875,366.2799987792969,13.050000190734863
2020-09-10,1526.050048828125,371.3399963378906,13.010000228881836
2020-09-11,1515.760009765625,372.7200012207031,12.949999809265137
2020-09-14,1508.8299560546875,419.6199951171875,13.260000228881836
2020-09-15,1535.1199951171875,449.760009765625,13.140000343322754
2020-09-16,1512.0899658203125,441.760009765625,13.800000190734863
2020-09-17,1487.0400390625,423.42999267578125,13.630000114440918
2020-09-18,1451.0899658203125,442.1499938964844,13.1899995803833
2020-09-21,1430.1400146484375,449.3900146484375,12.210000038146973
2020-09-22,1459.8199462890625,424.2300109863281,12.34000015258789
2020-09-23,1409.3900146484375,380.3599853515625,11.930000305175781
2020-09-24,1422.8599853515625,387.7900085449219,11.770000457763672
2020-09-25,1439.06005859375,407.3399963378906,12.289999961853027
2020-09-28,1458.6600341796875,421.20001220703125,12.760000228881836
2020-09-29,1466.02001953125,419.07000732421875,12.25
2020-09-30,1465.5999755859375,429.010009765625,12.289999961853027
2020-10-01,1487.9000244140625,448.1600036621094,12.579999923706055
2020-10-02,1455.5999755859375,415.0899963378906,13.0
2020-10-05,1482.8299560546875,425.67999267578125,13.119999885559082
2020-10-06,1451.02001953125,413.9800109863281,12.529999732971191
2020-10-07,1459.1400146484375,425.29998779296875,13.069999694824219
2020-10-08,1483.4300537109375,425.9200134277344,13.15999984741211
2020-10-09,1510.449951171875,434.0,13.199999809265137
2020-10-12,1564.5899658203125,442.29998779296875,12.920000076293945
2020-10-13,1567.0699462890625,446.6499938964844,12.220000267028809
2020-10-14,1563.43994140625,461.29998779296875,12.359999656677246
2020-10-15,1555.469970703125,448.8800048828125,12.229999542236328
2020-10-16,1567.699951171875,439.6700134277344,12.460000038146973
2020-10-19,1529.949951171875,430.8299865722656,12.5600004196167
2020-10-20,1551.0799560546875,421.94000244140625,12.800000190734863
2020-10-21,1585.989990234375,422.6400146484375,12.75
2020-10-22,1606.6600341796875,425.7900085449219,13.149999618530273
2020-10-23,1632.97998046875,420.6300048828125,12.600000381469727
2020-10-26,1584.2900390625,420.2799987792969,11.800000190734863
2020-10-27,1598.8800048828125,424.67999267578125,11.229999542236328
2020-10-28,1510.800048828125,406.0199890136719,10.949999809265137
2020-10-29,1556.8800048828125,410.8299865722656,11.15999984741211
2020-10-30,1616.1099853515625,388.0400085449219,11.279999732971191
2020-11-02,1624.3199462890625,400.510009765625,11.1899995803833
2020-11-03,1645.6600341796875,423.8999938964844,11.25
2020-11-04,1745.8499755859375,420.9800109863281,11.010000228881836
2020-11-05,1762.5,438.0899963378906,11.600000381469727
2020-11-06,1759.72998046875,429.95001220703125,11.460000038146973
2020-11-09,1761.4200439453125,421.260009765625,13.199999809265137
2020-11-10,1737.719970703125,410.3599853515625,12.380000114440918
2020-11-11,1747.22998046875,417.1300048828125,12.039999961853027
2020-11-12,1742.8199462890625,411.760009765625,11.739999771118164
2020-11-13,1772.260009765625,408.5,12.239999771118164
2020-11-16,1774.030029296875,408.0899963378906,12.789999961853027
2020-11-17,1761.6600341796875,441.6099853515625,12.699999809265137
2020-11-18,1740.6400146484375,486.6400146484375,12.739999771118164
2020-11-19,1758.5699462890625,499.2699890136719,12.789999961853027
2020-11-20,1736.3800048828125,489.6099853515625,12.529999732971191
2020-11-23,1727.56005859375,521.8499755859375,13.5600004196167
2020-11-24,1763.9000244140625,555.3800048828125,14.819999694824219
2020-11-25,1764.1300048828125,574.0,14.9399995803833
2020-11-27,1787.02001953125,585.760009765625,14.979999542236328
2020-11-30,1754.4000244140625,567.5999755859375,14.130000114440918
2020-12-01,1795.3599853515625,584.760009765625,14.270000457763672
2020-12-02,1824.969970703125,568.8200073242188,14.859999656677246
2020-12-03,1821.8399658203125,593.3800048828125,16.09000015258789
2020-12-04,1823.760009765625,599.0399780273438,16.399999618530273
2020-12-07,1817.030029296875,641.760009765625,17.209999084472656
2020-12-08,1811.3299560546875,649.8800048828125,17.6299991607666
2020-12-09,1777.8599853515625,604.47998046875,17.15999984741211
2020-12-10,1767.6500244140625,627.0700073242188,17.989999771118164
2020-12-11,1774.800048828125,609.989990234375,17.049999237060547
2020-12-14,1752.260009765625,639.8300170898438,16.700000762939453
2020-12-15,1761.0799560546875,633.25,17.010000228881836
2020-12-16,1757.18994140625,622.77001953125,16.860000610351562
2020-12-17,1740.510009765625,655.9000244140625,16.799999237060547
2020-12-18,1726.219970703125,695.0,16.510000228881836
2020-12-21,1734.56005859375,649.8599853515625,16.100000381469727
2020-12-22,1720.219970703125,640.3400268554688,15.479999542236328
2020-12-23,1728.22998046875,645.97998046875,15.890000343322754
2020-12-24,1734.1600341796875,661.77001953125,15.65999984741211
2020-12-28,1773.9599609375,663.6900024414062,16.059999465942383
2020-12-29,1757.760009765625,665.989990234375,15.859999656677246
2020-12-30,1736.25,694.780029296875,16.149999618530273
2020-12-31,1752.6400146484375,705.6699829101562,15.770000457763672
2021-01-04,1726.1300048828125,729.77001953125,15.130000114440918
2021-01-05,1740.050048828125,735.1099853515625,15.430000305175781
2021-01-06,1722.8800048828125,755.97998046875,15.520000457763672
2021-01-07,1774.3399658203125,816.0399780273438,15.380000114440918
2021-01-08,1797.8299560546875,880.02001953125,15.130000114440918
2021-01-11,1756.2900390625,811.1900024414062,15.0
2021-01-12,1737.4300537109375,849.4400024414062,15.380000114440918
2021-01-13,1747.25,854.4099731445312,15.529999732971191
2021-01-14,1730.9200439453125,845.0,16.440000534057617
2021-01-15,1727.6199951171875,826.1599731445312,15.760000228881836
2021-01-19,1784.469970703125,844.5499877929688,15.970000267028809
2021-01-20,1880.0699462890625,850.4500122070312,16.170000076293945
2021-01-21,1884.1500244140625,844.989990234375,15.829999923706055
2021-01-22,1892.56005859375,846.6400146484375,15.819999694824219
2021-01-25,1894.280029296875,880.7999877929688,15.430000305175781
2021-01-26,1907.949951171875,883.0900268554688,15.529999732971191
2021-01-27,1818.93994140625,864.1599731445312,16.559999465942383
2021-01-28,1853.199951171875,835.4299926757812,18.100000381469727
2021-01-29,1827.3599853515625,793.530029296875,17.170000076293945
2021-02-01,1893.0699462890625,839.8099975585938,16.84000015258789
2021-02-02,1919.1199951171875,872.7899780273438,16.59000015258789
2021-02-03,2058.8798828125,854.6900024414062,17.600000381469727
2021-02-04,2053.6298828125,849.989990234375,17.399999618530273
2021-02-05,2088.830078125,852.22998046875,17.190000534057617
2021-02-08,2084.52001953125,863.4199829101562,17.770000457763672
2021-02-09,2075.389892578125,849.4600219726562,17.440000534057617
2021-02-10,2086.47998046875,804.8200073242188,17.40999984741211
2021-02-11,2088.75,811.6599731445312,16.989999771118164
2021-02-12,2095.030029296875,816.1199951171875,17.270000457763672
2021-02-16,2110.699951171875,796.219970703125,17.81999969482422
2021-02-17,2118.6201171875,798.1500244140625,17.989999771118164
2021-02-18,2105.81005859375,787.3800048828125,17.709999084472656
2021-02-19,2088.81005859375,781.2999877929688,18.68000030517578
2021-02-22,2054.260009765625,714.5,20.440000534057617
2021-02-23,2060.1201171875,698.8400268554688,20.65999984741211
2021-02-24,2083.81005859375,742.02001953125,21.81999969482422
2021-02-25,2015.949951171875,682.219970703125,20.860000610351562
2021-02-26,2021.9100341796875,675.5,20.940000534057617
2021-03-01,2069.659912109375,718.4299926757812,21.18000030517578
2021-03-02,2064.47998046875,686.4400024414062,21.440000534057617
2021-03-03,2011.4100341796875,653.2000122070312,22.170000076293945
2021-03-04,2033.9300537109375,621.4400024414062,21.239999771118164
2021-03-05,2097.070068359375,597.9500122070312,20.450000762939453
2021-03-08,2007.5,563.0,21.469999313354492
2021-03-09,2040.3599853515625,673.5800170898438,21.600000381469727
2021-03-10,2036.18994140625,668.0599975585938,21.75
2021-03-11,2100.5400390625,699.5999755859375,22.149999618530273
2021-03-12,2050.0,693.72998046875,23.3700008392334
2021-03-15,2054.43994140625,707.9400024414062,25.170000076293945
2021-03-16,2083.889892578125,676.8800048828125,24.469999313354492
2021-03-17,2082.219970703125,701.8099975585938,25.15999984741211
2021-03-18,2021.3399658203125,653.1599731445312,24.700000762939453
2021-03-19,2026.9599609375,654.8699951171875,24.969999313354492
2021-03-22,2030.68994140625,670.0,23.829999923706055
2021-03-23,2041.3299560546875,662.1599731445312,22.270000457763672
2021-03-24,2032.530029296875,630.27001953125,21.809999465942383
2021-03-25,2032.4599609375,640.3900146484375,22.770000457763672
2021-03-26,2024.72998046875,618.7100219726562,22.93000030517578
2021-03-29,2045.7900390625,611.2899780273438,22.90999984741211
2021-03-30,2046.469970703125,635.6199951171875,24.1200008392334
2021-03-31,2062.52001953125,667.9299926757812,23.899999618530273
2021-04-01,2129.780029296875,661.75,23.860000610351562
2021-04-05,2218.9599609375,691.0499877929688,24.229999542236328
2021-04-06,2209.260009765625,691.6199951171875,24.059999465942383
2021-04-07,2239.030029296875,670.969970703125,23.93000030517578
2021-04-08,2250.429931640625,683.7999877929688,23.649999618530273
2021-04-09,2270.669921875,677.02001953125,23.540000915527344
2021-04-12,2244.6201171875,701.97998046875,22.90999984741211
2021-04-13,2254.429931640625,762.3200073242188,22.559999465942383
2021-04-14,2241.909912109375,732.22998046875,22.3700008392334
2021-04-15,2285.25,738.8499755859375,22.1299991607666
2021-04-16,2282.75,739.780029296875,22.030000686645508
2021-04-19,2289.760009765625,714.6300048828125,21.549999237060547
2021-04-20,2279.010009765625,718.989990234375,20.3700008392334
2021-04-21,2278.35009765625,744.1199951171875,21.010000228881836
2021-04-22,2252.52001953125,719.6900024414062,20.06999969482422
2021-04-23,2299.929931640625,729.4000244140625,21.110000610351562
2021-04-26,2309.929931640625,738.2000122070312,22.040000915527344
2021-04-27,2290.97998046875,704.739990234375,21.760000228881836
2021-04-28,2359.0400390625,694.4000244140625,21.700000762939453
2021-04-29,2392.760009765625,677.0,21.299999237060547
2021-04-30,2353.5,709.4400024414062,21.719999313354492
2021-05-03,2343.080078125,684.9000244140625,21.950000762939453
2021-05-04,2306.830078125,673.5999755859375,21.420000076293945
2021-05-05,2314.77001953125,670.9400024414062,21.56999969482422
2021-05-06,2337.35009765625,663.5399780273438,21.489999771118164
2021-05-07,2351.929931640625,672.3699951171875,22.0
2021-05-10,2291.75,629.0399780273438,22.0
2021-05-11,2270.06005859375,617.2000122070312,21.56999969482422
2021-05-12,2200.25,589.8900146484375,20.760000228881836
2021-05-13,2229.0400390625,571.6900024414062,21.209999084472656
2021-05-14,2278.3798828125,589.739990234375,22.399999618530273
2021-05-17,2288.919921875,576.8300170898438,23.350000381469727
2021-05-18,2262.469970703125,577.8699951171875,23.559999465942383
2021-05-19,2271.5,563.4600219726562,22.969999313354492
2021-05-20,2306.949951171875,586.780029296875,22.600000381469727
2021-05-21,2294.1298828125,580.8800048828125,22.56999969482422
2021-05-24,2361.0400390625,606.4400024414062,22.989999771118164
2021-05-25,2362.8701171875,604.6900024414062,23.209999084472656
2021-05-26,2380.31005859375,619.1300048828125,23.899999618530273
2021-05-27,2362.679931640625,630.8499755859375,24.43000030517578
2021-05-28,2356.85009765625,625.219970703125,24.239999771118164
2021-06-01,2381.179931640625,623.9000244140625,24.670000076293945
2021-06-02,2370.590087890625,605.1199951171875,25.81999969482422
2021-06-03,2347.580078125,572.8400268554688,24.93000030517578
2021-06-04,2393.570068359375,599.0499877929688,24.299999237060547
2021-06-07,2402.300048828125,605.1300048828125,24.25
2021-06-08,2398.43994140625,603.5900268554688,24.219999313354492
2021-06-09,2407.93994140625,598.780029296875,23.850000381469727
2021-06-10,2435.1298828125,610.1199951171875,23.459999084472656
2021-06-11,2430.199951171875,609.8900146484375,23.530000686645508
2021-06-14,2448.909912109375,617.6900024414062,22.989999771118164
2021-06-15,2428.389892578125,599.3599853515625,22.790000915527344
2021-06-16,2415.449951171875,604.8699951171875,22.829999923706055
2021-06-17,2434.8701171875,616.5999755859375,22.229999542236328
2021-06-18,2402.219970703125,623.3099975585938,22.290000915527344
2021-06-21,2436.25,620.8300170898438,22.450000762939453
2021-06-22,2446.610107421875,623.7100219726562,22.110000610351562
2021-06-23,2442.5400390625,656.5700073242188,22.200000762939453
2021-06-24,2450.0,679.8200073242188,22.350000381469727
2021-06-25,2450.169921875,671.8699951171875,22.219999313354492
2021-06-28,2450.719970703125,688.719970703125,21.389999389648438
2021-06-29,2445.449951171875,680.760009765625,21.079999923706055
2021-06-30,2441.7900390625,679.7000122070312,21.209999084472656
2021-07-01,2448.889892578125,677.9199829101562,21.510000228881836
2021-07-02,2505.14990234375,678.9000244140625,21.479999542236328
2021-07-06,2523.800048828125,659.5800170898438,21.010000228881836
2021-07-07,2529.47998046875,644.6500244140625,20.309999465942383
2021-07-08,2500.8798828125,652.8099975585938,20.350000381469727
2021-07-09,2510.3701171875,656.9500122070312,20.889999389648438
2021-07-12,2539.510009765625,685.7000122070312,20.84000015258789
2021-07-13,2546.830078125,668.5399780273438,20.020000457763672
2021-07-14,2564.739990234375,653.3800048828125,20.6200008392334
2021-07-15,2540.10009765625,650.5999755859375,20.459999084472656
2021-07-16,2539.39990234375,644.219970703125,19.790000915527344
2021-07-19,2491.56005859375,646.219970703125,18.969999313354492
2021-07-20,2524.18994140625,660.5,20.559999465942383
2021-07-21,2550.97998046875,655.2899780273438,21.399999618530273
2021-07-22,2568.429931640625,649.260009765625,21.15999984741211
2021-07-23,2660.300048828125,643.3800048828125,21.200000762939453
2021-07-26,2680.699951171875,657.6199951171875,22.079999923706055
2021-07-27,2638.0,644.780029296875,21.459999084472656
2021-07-28,2721.8798828125,646.97998046875,21.6299991607666
2021-07-29,2715.550048828125,677.3499755859375,21.170000076293945
2021-07-30,2694.530029296875,687.2000122070312,20.3799991607666
2021-08-02,2697.090087890625,709.6699829101562,20.059999465942383
2021-08-03,2712.60009765625,709.739990234375,19.950000762939453
2021-08-04,2702.510009765625,710.9199829101562,19.450000762939453
2021-08-05,2725.030029296875,714.6300048828125,20.90999984741211
2021-08-06,2714.77001953125,699.0999755859375,21.020000457763672
2021-08-09,2738.260009765625,713.760009765625,20.559999465942383
2021-08-10,2736.139892578125,709.989990234375,20.940000534057617
2021-08-11,2725.580078125,707.8200073242188,21.229999542236328
2021-08-12,2743.8798828125,722.25,20.43000030517578
2021-08-13,2754.550048828125,717.1699829101562,19.84000015258789
2021-08-16,2766.18994140625,686.1699829101562,19.760000228881836
2021-08-17,2733.22998046875,665.7100219726562,19.34000015258789
2021-08-18,2708.97998046875,688.989990234375,19.139999389648438
2021-08-19,2713.60009765625,673.469970703125,18.729999542236328
2021-08-20,2748.590087890625,680.260009765625,18.5
2021-08-23,2800.830078125,706.2999877929688,19.110000610351562
2021-08-24,2825.22998046875,708.489990234375,19.829999923706055
2021-08-25,2841.580078125,711.2000122070312,20.149999618530273
2021-08-26,2828.81005859375,701.1599731445312,19.899999618530273
2021-08-27,2880.080078125,711.9199829101562,20.219999313354492
2021-08-30,2891.81005859375,730.9099731445312,19.510000228881836
2021-08-31,2893.949951171875,735.719970703125,19.940000534057617
2021-09-01,2904.31005859375,734.0900268554688,19.639999389648438
2021-09-02,2865.739990234375,732.3900146484375,19.760000228881836
2021-09-03,2874.7900390625,733.5700073242188,19.3700008392334
2021-09-07,2885.610107421875,752.9199829101562,19.530000686645508
2021-09-08,2873.820068359375,753.8699951171875,19.1299991607666
2021-09-09,2870.820068359375,754.8599853515625,20.200000762939453
2021-09-10,2817.52001953125,736.27001953125,18.950000762939453
2021-09-13,2846.64990234375,743.0,19.309999465942383
2021-09-14,2850.889892578125,744.489990234375,19.209999084472656
2021-09-15,2888.590087890625,755.8300170898438,19.3799991607666
2021-09-16,2872.199951171875,756.989990234375,19.889999389648438
2021-09-17,2816.0,759.489990234375,19.729999542236328
2021-09-20,2774.389892578125,730.1699829101562,20.329999923706055
2021-09-21,2780.659912109375,739.3800048828125,19.760000228881836
2021-09-22,2805.669921875,751.9400024414062,20.520000457763672
2021-09-23,2824.320068359375,753.6400146484375,20.899999618530273
2021-09-24,2844.300048828125,774.3900146484375,21.389999389648438
2021-09-27,2821.43994140625,791.3599853515625,21.469999313354492
2021-09-28,2716.60009765625,777.5599975585938,21.43000030517578
2021-09-29,2687.070068359375,781.3099975585938,21.010000228881836
2021-09-30,2673.52001953125,775.47998046875,20.520000457763672
